{
  "formatVersion": 1,
  "database": {
    "version": 3,
    "identityHash": "23b63a7c6ddf6415b1a9cbebc6dd0040",
    "entities": [
      {
        "tableName": "Recipe",
        "createSql": "CREATE TABLE IF NOT EXISTS `${TABLE_NAME}` (`id` INTEGER PRIMARY KEY AUTOINCREMENT NOT NULL, `name` TEXT NOT NULL, `description` TEXT NOT NULL, `last_finished` INTEGER NOT NULL, `icon` TEXT NOT NULL)",
        "fields": [
          {
            "fieldPath": "id",
            "columnName": "id",
            "affinity": "INTEGER",
            "notNull": true
          },
          {
            "fieldPath": "name",
            "columnName": "name",
            "affinity": "TEXT",
            "notNull": true
          },
          {
            "fieldPath": "description",
            "columnName": "description",
            "affinity": "TEXT",
            "notNull": true
          },
          {
            "fieldPath": "lastFinished",
            "columnName": "last_finished",
            "affinity": "INTEGER",
            "notNull": true
          },
          {
            "fieldPath": "recipeIcon",
            "columnName": "icon",
            "affinity": "TEXT",
            "notNull": true
          }
        ],
        "primaryKey": {
          "columnNames": [
            "id"
          ],
          "autoGenerate": true
        },
        "indices": [],
        "foreignKeys": []
      },
      {
        "tableName": "Step",
        "createSql": "CREATE TABLE IF NOT EXISTS `${TABLE_NAME}` (`id` INTEGER PRIMARY KEY AUTOINCREMENT NOT NULL, `recipe_id` INTEGER NOT NULL, `name` TEXT NOT NULL, `time` INTEGER NOT NULL, `type` TEXT NOT NULL, `order_in_recipe` INTEGER, `value` INTEGER)",
        "fields": [
          {
            "fieldPath": "id",
            "columnName": "id",
            "affinity": "INTEGER",
            "notNull": true
          },
          {
            "fieldPath": "recipeId",
            "columnName": "recipe_id",
            "affinity": "INTEGER",
            "notNull": true
          },
          {
            "fieldPath": "name",
            "columnName": "name",
            "affinity": "TEXT",
            "notNull": true
          },
          {
            "fieldPath": "time",
            "columnName": "time",
            "affinity": "INTEGER",
            "notNull": true
          },
          {
            "fieldPath": "type",
            "columnName": "type",
            "affinity": "TEXT",
            "notNull": true
          },
          {
            "fieldPath": "orderInRecipe",
            "columnName": "order_in_recipe",
            "affinity": "INTEGER",
            "notNull": false
          },
          {
            "fieldPath": "value",
            "columnName": "value",
            "affinity": "INTEGER",
            "notNull": false
          }
        ],
        "primaryKey": {
          "columnNames": [
            "id"
          ],
          "autoGenerate": true
        },
        "indices": [],
        "foreignKeys": []
      }
    ],
    "views": [],
    "setupQueries": [
      "CREATE TABLE IF NOT EXISTS room_master_table (id INTEGER PRIMARY KEY,identity_hash TEXT)",
      "INSERT OR REPLACE INTO room_master_table (id,identity_hash) VALUES(42, '23b63a7c6ddf6415b1a9cbebc6dd0040')"
    ]
  }
}