[
  {
    "project": "Accompanist Pager layouts",
    "description": "Utilities for Jetpack Compose",
    "version": "0.30.1",
    "developers": [
      "Google"
    ],
    "url": "https://github.com/google/accompanist/",
    "year": null,
    "licenses": [
      {
        "license": "The Apache Software License, Version 2.0",
        "license_url": "http://www.apache.org/licenses/LICENSE-2.0.txt"
      }
    ],
    "dependency": "com.google.accompanist:accompanist-pager:0.30.1"
  },
  {
    "project": "Activity",
    "description": "Provides the base Activity subclass and the relevant hooks to build a composable structure on top.",
    "version": "1.9.0",
    "developers": [
      "The Android Open Source Project"
    ],
    "url": "https://developer.android.com/jetpack/androidx/releases/activity#1.9.0",
    "year": "2018",
    "licenses": [
      {
        "license": "The Apache Software License, Version 2.0",
        "license_url": "http://www.apache.org/licenses/LICENSE-2.0.txt"
      }
    ],
    "dependency": "androidx.activity:activity:1.9.0"
  },
  {
    "project": "Activity Compose",
    "description": "Compose integration with Activity",
    "version": "1.9.0",
    "developers": [
      "The Android Open Source Project"
    ],
    "url": "https://developer.android.com/jetpack/androidx/releases/activity#1.9.0",
    "year": "2020",
    "licenses": [
      {
        "license": "The Apache Software License, Version 2.0",
        "license_url": "http://www.apache.org/licenses/LICENSE-2.0.txt"
      }
    ],
    "dependency": "androidx.activity:activity-compose:1.9.0"
  },
  {
    "project": "Activity Kotlin Extensions",
    "description": "Kotlin extensions for \u0027activity\u0027 artifact",
    "version": "1.9.0",
    "developers": [
      "The Android Open Source Project"
    ],
    "url": "https://developer.android.com/jetpack/androidx/releases/activity#1.9.0",
    "year": "2018",
    "licenses": [
      {
        "license": "The Apache Software License, Version 2.0",
        "license_url": "http://www.apache.org/licenses/LICENSE-2.0.txt"
      }
    ],
    "dependency": "androidx.activity:activity-ktx:1.9.0"
  },
  {
    "project": "Android App Startup Runtime",
    "description": "Android App Startup Runtime",
    "version": "1.1.1",
    "developers": [
      "The Android Open Source Project"
    ],
    "url": "https://developer.android.com/jetpack/androidx/releases/startup#1.1.1",
    "year": "2020",
    "licenses": [
      {
        "license": "The Apache Software License, Version 2.0",
        "license_url": "http://www.apache.org/licenses/LICENSE-2.0.txt"
      }
    ],
    "dependency": "androidx.startup:startup-runtime:1.1.1"
  },
  {
    "project": "Android Arch-Common",
    "description": "Android Arch-Common",
    "version": "2.2.0",
    "developers": [
      "The Android Open Source Project"
    ],
    "url": "https://developer.android.com/jetpack/androidx/releases/arch-core#2.2.0",
    "year": "2017",
    "licenses": [
      {
        "license": "The Apache Software License, Version 2.0",
        "license_url": "http://www.apache.org/licenses/LICENSE-2.0.txt"
      }
    ],
    "dependency": "androidx.arch.core:core-common:2.2.0"
  },
  {
    "project": "Android Arch-Runtime",
    "description": "Android Arch-Runtime",
    "version": "2.2.0",
    "developers": [
      "The Android Open Source Project"
    ],
    "url": "https://developer.android.com/jetpack/androidx/releases/arch-core#2.2.0",
    "year": "2017",
    "licenses": [
      {
        "license": "The Apache Software License, Version 2.0",
        "license_url": "http://www.apache.org/licenses/LICENSE-2.0.txt"
      }
    ],
    "dependency": "androidx.arch.core:core-runtime:2.2.0"
  },
  {
    "project": "Android ConstraintLayout",
    "description": "ConstraintLayout for Android",
    "version": "2.0.1",
    "developers": [
      "The Android Open Source Project"
    ],
    "url": "http://tools.android.com",
    "year": "2007",
    "licenses": [
      {
        "license": "The Apache Software License, Version 2.0",
        "license_url": "http://www.apache.org/licenses/LICENSE-2.0.txt"
      }
    ],
    "dependency": "androidx.constraintlayout:constraintlayout:2.0.1"
  },
  {
    "project": "Android ConstraintLayout Solver",
    "description": "Solver for ConstraintLayout",
    "version": "2.0.1",
    "developers": [
      "The Android Open Source Project"
    ],
    "url": "http://tools.android.com",
    "year": "2007",
    "licenses": [
      {
        "license": "The Apache Software License, Version 2.0",
        "license_url": "http://www.apache.org/licenses/LICENSE-2.0.txt"
      }
    ],
    "dependency": "androidx.constraintlayout:constraintlayout-solver:2.0.1"
  },
  {
    "project": "Android Emoji2 Compat",
    "description": "Core library to enable emoji compatibility in Kitkat and newer devices to avoid the empty emoji characters.",
    "version": "1.3.0",
    "developers": [
      "The Android Open Source Project"
    ],
    "url": "https://developer.android.com/jetpack/androidx/releases/emoji2#1.3.0",
    "year": "2017",
    "licenses": [
      {
        "license": "The Apache Software License, Version 2.0",
        "license_url": "http://www.apache.org/licenses/LICENSE-2.0.txt"
      }
    ],
    "dependency": "androidx.emoji2:emoji2:1.3.0"
  },
  {
    "project": "Android Emoji2 Compat view helpers",
    "description": "View helpers for Emoji2",
    "version": "1.3.0",
    "developers": [
      "The Android Open Source Project"
    ],
    "url": "https://developer.android.com/jetpack/androidx/releases/emoji2#1.3.0",
    "year": "2017",
    "licenses": [
      {
        "license": "The Apache Software License, Version 2.0",
        "license_url": "http://www.apache.org/licenses/LICENSE-2.0.txt"
      }
    ],
    "dependency": "androidx.emoji2:emoji2-views-helper:1.3.0"
  },
  {
    "project": "Android Resource Inspection - Annotations",
    "description": "Annotation processors for Android resource and layout inspection",
    "version": "1.0.1",
    "developers": [
      "The Android Open Source Project"
    ],
    "url": "https://developer.android.com/jetpack/androidx/releases/resourceinspection#1.0.1",
    "year": "2021",
    "licenses": [
      {
        "license": "The Apache Software License, Version 2.0",
        "license_url": "http://www.apache.org/licenses/LICENSE-2.0.txt"
      }
    ],
    "dependency": "androidx.resourceinspection:resourceinspection-annotation:1.0.1"
  },
  {
    "project": "Android Support AnimatedVectorDrawable",
    "description": "Android Support AnimatedVectorDrawable",
    "version": "1.1.0",
    "developers": [
      "The Android Open Source Project"
    ],
    "url": "https://developer.android.com/jetpack/androidx",
    "year": "2015",
    "licenses": [
      {
        "license": "The Apache Software License, Version 2.0",
        "license_url": "http://www.apache.org/licenses/LICENSE-2.0.txt"
      }
    ],
    "dependency": "androidx.vectordrawable:vectordrawable-animated:1.1.0"
  },
  {
    "project": "Android Support CardView v7",
    "description": "Android Support CardView v7",
    "version": "1.0.0",
    "developers": [
      "The Android Open Source Project"
    ],
    "url": "http://developer.android.com/tools/extras/support-library.html",
    "year": "2011",
    "licenses": [
      {
        "license": "The Apache Software License, Version 2.0",
        "license_url": "http://www.apache.org/licenses/LICENSE-2.0.txt"
      }
    ],
    "dependency": "androidx.cardview:cardview:1.0.0"
  },
  {
    "project": "Android Support DynamicAnimation",
    "description": "Physics-based animation in support library, where the animations are driven by physics force. You can use this Animation library to create smooth and realistic animations.",
    "version": "1.0.0",
    "developers": [
      "The Android Open Source Project"
    ],
    "url": "http://developer.android.com/tools/extras/support-library.html",
    "year": "2017",
    "licenses": [
      {
        "license": "The Apache Software License, Version 2.0",
        "license_url": "http://www.apache.org/licenses/LICENSE-2.0.txt"
      }
    ],
    "dependency": "androidx.dynamicanimation:dynamicanimation:1.0.0"
  },
  {
    "project": "Android Support Library Coordinator Layout",
    "description": "The Support Library is a static library that you can add to your Android application in order to use APIs that are either not available for older platform versions or utility APIs that aren\u0027t a part of the framework APIs. Compatible on devices running API 14 or later.",
    "version": "1.1.0",
    "developers": [
      "The Android Open Source Project"
    ],
    "url": "https://developer.android.com/jetpack/androidx",
    "year": "2011",
    "licenses": [
      {
        "license": "The Apache Software License, Version 2.0",
        "license_url": "http://www.apache.org/licenses/LICENSE-2.0.txt"
      }
    ],
    "dependency": "androidx.coordinatorlayout:coordinatorlayout:1.1.0"
  },
  {
    "project": "Android Support Library core utils",
    "description": "The Support Library is a static library that you can add to your Android application in order to use APIs that are either not available for older platform versions or utility APIs that aren\u0027t a part of the framework APIs. Compatible on devices running API 14 or later.",
    "version": "1.0.0",
    "developers": [
      "The Android Open Source Project"
    ],
    "url": "http://developer.android.com/tools/extras/support-library.html",
    "year": "2011",
    "licenses": [
      {
        "license": "The Apache Software License, Version 2.0",
        "license_url": "http://www.apache.org/licenses/LICENSE-2.0.txt"
      }
    ],
    "dependency": "androidx.legacy:legacy-support-core-utils:1.0.0"
  },
  {
    "project": "Android Support Library Cursor Adapter",
    "description": "The Support Library is a static library that you can add to your Android application in order to use APIs that are either not available for older platform versions or utility APIs that aren\u0027t a part of the framework APIs. Compatible on devices running API 14 or later.",
    "version": "1.0.0",
    "developers": [
      "The Android Open Source Project"
    ],
    "url": "http://developer.android.com/tools/extras/support-library.html",
    "year": "2018",
    "licenses": [
      {
        "license": "The Apache Software License, Version 2.0",
        "license_url": "http://www.apache.org/licenses/LICENSE-2.0.txt"
      }
    ],
    "dependency": "androidx.cursoradapter:cursoradapter:1.0.0"
  },
  {
    "project": "Android Support Library Custom View",
    "description": "The Support Library is a static library that you can add to your Android application in order to use APIs that are either not available for older platform versions or utility APIs that aren\u0027t a part of the framework APIs. Compatible on devices running API 14 or later.",
    "version": "1.1.0",
    "developers": [
      "The Android Open Source Project"
    ],
    "url": "https://developer.android.com/jetpack/androidx",
    "year": "2018",
    "licenses": [
      {
        "license": "The Apache Software License, Version 2.0",
        "license_url": "http://www.apache.org/licenses/LICENSE-2.0.txt"
      }
    ],
    "dependency": "androidx.customview:customview:1.1.0"
  },
  {
    "project": "Android Support Library Custom View",
    "description": "The Support Library is a static library that you can add to your Android application in order to use APIs that are either not available for older platform versions or utility APIs that aren\u0027t a part of the framework APIs. Compatible on devices running API 14 or later.",
    "version": "1.0.0",
    "developers": [
      "The Android Open Source Project"
    ],
    "url": "http://developer.android.com/tools/extras/support-library.html",
    "year": "2018",
    "licenses": [
      {
        "license": "The Apache Software License, Version 2.0",
        "license_url": "http://www.apache.org/licenses/LICENSE-2.0.txt"
      }
    ],
    "dependency": "androidx.swiperefreshlayout:swiperefreshlayout:1.0.0"
  },
  {
    "project": "Android Support Library Document File",
    "description": "The Support Library is a static library that you can add to your Android application in order to use APIs that are either not available for older platform versions or utility APIs that aren\u0027t a part of the framework APIs. Compatible on devices running API 14 or later.",
    "version": "1.0.0",
    "developers": [
      "The Android Open Source Project"
    ],
    "url": "http://developer.android.com/tools/extras/support-library.html",
    "year": "2018",
    "licenses": [
      {
        "license": "The Apache Software License, Version 2.0",
        "license_url": "http://www.apache.org/licenses/LICENSE-2.0.txt"
      }
    ],
    "dependency": "androidx.documentfile:documentfile:1.0.0"
  },
  {
    "project": "Android Support Library Drawer Layout",
    "description": "The Support Library is a static library that you can add to your Android application in order to use APIs that are either not available for older platform versions or utility APIs that aren\u0027t a part of the framework APIs. Compatible on devices running API 14 or later.",
    "version": "1.1.1",
    "developers": [
      "The Android Open Source Project"
    ],
    "url": "https://developer.android.com/jetpack/androidx",
    "year": "2018",
    "licenses": [
      {
        "license": "The Apache Software License, Version 2.0",
        "license_url": "http://www.apache.org/licenses/LICENSE-2.0.txt"
      }
    ],
    "dependency": "androidx.drawerlayout:drawerlayout:1.1.1"
  },
  {
    "project": "Android Support Library fragment",
    "description": "The Support Library is a static library that you can add to your Android application in order to use APIs that are either not available for older platform versions or utility APIs that aren\u0027t a part of the framework APIs. Compatible on devices running API 14 or later.",
    "version": "1.5.4",
    "developers": [
      "The Android Open Source Project"
    ],
    "url": "https://developer.android.com/jetpack/androidx/releases/fragment#1.5.4",
    "year": "2011",
    "licenses": [
      {
        "license": "The Apache Software License, Version 2.0",
        "license_url": "http://www.apache.org/licenses/LICENSE-2.0.txt"
      }
    ],
    "dependency": "androidx.fragment:fragment:1.5.4"
  },
  {
    "project": "Android Support Library Interpolators",
    "description": "The Support Library is a static library that you can add to your Android application in order to use APIs that are either not available for older platform versions or utility APIs that aren\u0027t a part of the framework APIs. Compatible on devices running API 14 or later.",
    "version": "1.0.0",
    "developers": [
      "The Android Open Source Project"
    ],
    "url": "http://developer.android.com/tools/extras/support-library.html",
    "year": "2018",
    "licenses": [
      {
        "license": "The Apache Software License, Version 2.0",
        "license_url": "http://www.apache.org/licenses/LICENSE-2.0.txt"
      }
    ],
    "dependency": "androidx.interpolator:interpolator:1.0.0"
  },
  {
    "project": "Android Support Library loader",
    "description": "The Support Library is a static library that you can add to your Android application in order to use APIs that are either not available for older platform versions or utility APIs that aren\u0027t a part of the framework APIs. Compatible on devices running API 14 or later.",
    "version": "1.0.0",
    "developers": [
      "The Android Open Source Project"
    ],
    "url": "http://developer.android.com/tools/extras/support-library.html",
    "year": "2011",
    "licenses": [
      {
        "license": "The Apache Software License, Version 2.0",
        "license_url": "http://www.apache.org/licenses/LICENSE-2.0.txt"
      }
    ],
    "dependency": "androidx.loader:loader:1.0.0"
  },
  {
    "project": "Android Support Library Local Broadcast Manager",
    "description": "The Support Library is a static library that you can add to your Android application in order to use APIs that are either not available for older platform versions or utility APIs that aren\u0027t a part of the framework APIs. Compatible on devices running API 14 or later.",
    "version": "1.0.0",
    "developers": [
      "The Android Open Source Project"
    ],
    "url": "http://developer.android.com/tools/extras/support-library.html",
    "year": "2018",
    "licenses": [
      {
        "license": "The Apache Software License, Version 2.0",
        "license_url": "http://www.apache.org/licenses/LICENSE-2.0.txt"
      }
    ],
    "dependency": "androidx.localbroadcastmanager:localbroadcastmanager:1.0.0"
  },
  {
    "project": "Android Support Library Print",
    "description": "The Support Library is a static library that you can add to your Android application in order to use APIs that are either not available for older platform versions or utility APIs that aren\u0027t a part of the framework APIs. Compatible on devices running API 14 or later.",
    "version": "1.0.0",
    "developers": [
      "The Android Open Source Project"
    ],
    "url": "http://developer.android.com/tools/extras/support-library.html",
    "year": "2018",
    "licenses": [
      {
        "license": "The Apache Software License, Version 2.0",
        "license_url": "http://www.apache.org/licenses/LICENSE-2.0.txt"
      }
    ],
    "dependency": "androidx.print:print:1.0.0"
  },
  {
    "project": "Android Support Library View Pager",
    "description": "The Support Library is a static library that you can add to your Android application in order to use APIs that are either not available for older platform versions or utility APIs that aren\u0027t a part of the framework APIs. Compatible on devices running API 14 or later.",
    "version": "1.0.0",
    "developers": [
      "The Android Open Source Project"
    ],
    "url": "http://developer.android.com/tools/extras/support-library.html",
    "year": "2018",
    "licenses": [
      {
        "license": "The Apache Software License, Version 2.0",
        "license_url": "http://www.apache.org/licenses/LICENSE-2.0.txt"
      }
    ],
    "dependency": "androidx.viewpager:viewpager:1.0.0"
  },
  {
    "project": "Android Support RecyclerView v7",
    "description": "Android Support RecyclerView v7",
    "version": "1.1.0",
    "developers": [
      "The Android Open Source Project"
    ],
    "url": "https://developer.android.com/jetpack/androidx",
    "year": "2014",
    "licenses": [
      {
        "license": "The Apache Software License, Version 2.0",
        "license_url": "http://www.apache.org/licenses/LICENSE-2.0.txt"
      }
    ],
    "dependency": "androidx.recyclerview:recyclerview:1.1.0"
  },
  {
    "project": "Android Support VectorDrawable",
    "description": "Android Support VectorDrawable",
    "version": "1.1.0",
    "developers": [
      "The Android Open Source Project"
    ],
    "url": "https://developer.android.com/jetpack/androidx",
    "year": "2015",
    "licenses": [
      {
        "license": "The Apache Software License, Version 2.0",
        "license_url": "http://www.apache.org/licenses/LICENSE-2.0.txt"
      }
    ],
    "dependency": "androidx.vectordrawable:vectordrawable:1.1.0"
  },
  {
    "project": "Android Tracing",
    "description": "Android Tracing",
    "version": "1.1.0",
    "developers": [
      "The Android Open Source Project"
    ],
    "url": "https://developer.android.com/jetpack/androidx/releases/tracing#1.1.0",
    "year": "2020",
    "licenses": [
      {
        "license": "The Apache Software License, Version 2.0",
        "license_url": "http://www.apache.org/licenses/LICENSE-2.0.txt"
      }
    ],
    "dependency": "androidx.tracing:tracing:1.1.0"
  },
  {
    "project": "Android Transition Support Library",
    "description": "Android Transition Support Library",
    "version": "1.3.0",
    "developers": [
      "The Android Open Source Project"
    ],
    "url": "https://developer.android.com/jetpack/androidx",
    "year": "2016",
    "licenses": [
      {
        "license": "The Apache Software License, Version 2.0",
        "license_url": "http://www.apache.org/licenses/LICENSE-2.0.txt"
      }
    ],
    "dependency": "androidx.transition:transition:1.3.0"
  },
  {
    "project": "Android Wear",
    "description": "Android Wear Support UI",
    "version": "1.3.0",
    "developers": [
      "The Android Open Source Project"
    ],
    "url": "https://developer.android.com/jetpack/androidx/releases/wear#1.3.0",
    "year": "2016",
    "licenses": [
      {
        "license": "The Apache Software License, Version 2.0",
        "license_url": "http://www.apache.org/licenses/LICENSE-2.0.txt"
      }
    ],
    "dependency": "androidx.wear:wear:1.3.0"
  },
  {
    "project": "Android Wear Compose Foundation",
    "description": "WearOS Compose Foundation Library. This library makes it easier for developersto write Jetpack Compose applications for Wearable devices by providing functionality to support wearable specific devices sizes, shapes and navigation gestures. It builds upon the Jetpack Compose libraries.",
    "version": "1.3.1",
    "developers": [
      "The Android Open Source Project"
    ],
    "url": "https://developer.android.com/jetpack/androidx/releases/wear-compose#1.3.1",
    "year": "2021",
    "licenses": [
      {
        "license": "The Apache Software License, Version 2.0",
        "license_url": "http://www.apache.org/licenses/LICENSE-2.0.txt"
      }
    ],
    "dependency": "androidx.wear.compose:compose-foundation:1.3.1"
  },
  {
    "project": "Android Wear Compose Material",
    "description": "WearOS Compose Material Library. This library makes it easier for developers to write Jetpack Compose applications for Wearable devices that implement Wear Material Design UX guidelines and specifications. It builds upon the Jetpack Compose libraries.",
    "version": "1.3.1",
    "developers": [
      "The Android Open Source Project"
    ],
    "url": "https://developer.android.com/jetpack/androidx/releases/wear-compose#1.3.1",
    "year": "2021",
    "licenses": [
      {
        "license": "The Apache Software License, Version 2.0",
        "license_url": "http://www.apache.org/licenses/LICENSE-2.0.txt"
      }
    ],
    "dependency": "androidx.wear.compose:compose-material:1.3.1"
  },
  {
    "project": "Android Wear Compose Material Core",
    "description": "WearOS Compose Material Core Library. This library contains themeless components that are shared between different WearOS Compose Material libraries. It builds upon the Jetpack Compose libraries.",
    "version": "1.3.1",
    "developers": [
      "The Android Open Source Project"
    ],
    "url": "https://developer.android.com/jetpack/androidx/releases/wear-compose#1.3.1",
    "year": "2022",
    "licenses": [
      {
        "license": "The Apache Software License, Version 2.0",
        "license_url": "http://www.apache.org/licenses/LICENSE-2.0.txt"
      }
    ],
    "dependency": "androidx.wear.compose:compose-material-core:1.3.1"
  },
  {
    "project": "Android Wear Compose Navigation",
    "description": "WearOS Compose Navigation Library. This library makes it easier for developersto write Jetpack Compose applications for Wearable devices by providing functionality to support navigation. It builds upon the Jetpack Compose libraries.",
    "version": "1.3.1",
    "developers": [
      "The Android Open Source Project"
    ],
    "url": "https://developer.android.com/jetpack/androidx/releases/wear-compose#1.3.1",
    "year": "2021",
    "licenses": [
      {
        "license": "The Apache Software License, Version 2.0",
        "license_url": "http://www.apache.org/licenses/LICENSE-2.0.txt"
      }
    ],
    "dependency": "androidx.wear.compose:compose-navigation:1.3.1"
  },
  {
    "project": "Android Wear Ongoing Activities",
    "description": "Android Wear Ongoing Activities",
    "version": "1.0.0",
    "developers": [
      "The Android Open Source Project"
    ],
    "url": "https://developer.android.com/jetpack/androidx/releases/wear#1.0.0",
    "year": "2021",
    "licenses": [
      {
        "license": "The Apache Software License, Version 2.0",
        "license_url": "http://www.apache.org/licenses/LICENSE-2.0.txt"
      }
    ],
    "dependency": "androidx.wear:wear-ongoing:1.0.0"
  },
  {
    "project": "Android Wear Remote Interactions",
    "description": "Android Wear Remote Interactions",
    "version": "1.0.0",
    "developers": [
      "The Android Open Source Project"
    ],
    "url": "https://developer.android.com/jetpack/androidx/releases/wear#1.0.0",
    "year": "2020",
    "licenses": [
      {
        "license": "The Apache Software License, Version 2.0",
        "license_url": "http://www.apache.org/licenses/LICENSE-2.0.txt"
      }
    ],
    "dependency": "androidx.wear:wear-remote-interactions:1.0.0"
  },
  {
    "project": "Android Wear Support Input",
    "description": "Android Wear Support Input",
    "version": "1.1.0",
    "developers": [
      "The Android Open Source Project"
    ],
    "url": "https://developer.android.com/jetpack/androidx/releases/wear#1.1.0",
    "year": "2020",
    "licenses": [
      {
        "license": "The Apache Software License, Version 2.0",
        "license_url": "http://www.apache.org/licenses/LICENSE-2.0.txt"
      }
    ],
    "dependency": "androidx.wear:wear-input:1.1.0"
  },
  {
    "project": "AndroidX Autofill",
    "description": "AndroidX Autofill",
    "version": "1.0.0",
    "developers": [
      "The Android Open Source Project"
    ],
    "url": "https://developer.android.com/jetpack/androidx",
    "year": "2019",
    "licenses": [
      {
        "license": "The Apache Software License, Version 2.0",
        "license_url": "http://www.apache.org/licenses/LICENSE-2.0.txt"
      }
    ],
    "dependency": "androidx.autofill:autofill:1.0.0"
  },
  {
    "project": "AndroidX Futures",
    "description": "Androidx implementation of Guava\u0027s ListenableFuture",
    "version": "1.1.0",
    "developers": [
      "The Android Open Source Project"
    ],
    "url": "https://developer.android.com/topic/libraries/architecture/index.html",
    "year": "2018",
    "licenses": [
      {
        "license": "The Apache Software License, Version 2.0",
        "license_url": "http://www.apache.org/licenses/LICENSE-2.0.txt"
      }
    ],
    "dependency": "androidx.concurrent:concurrent-futures:1.1.0"
  },
  {
    "project": "AndroidX Futures Kotlin Extensions",
    "description": "Kotlin Extensions for Androidx implementation of Guava\u0027s ListenableFuture",
    "version": "1.1.0",
    "developers": [
      "The Android Open Source Project"
    ],
    "url": "https://developer.android.com/topic/libraries/architecture/index.html",
    "year": "2019",
    "licenses": [
      {
        "license": "The Apache Software License, Version 2.0",
        "license_url": "http://www.apache.org/licenses/LICENSE-2.0.txt"
      }
    ],
    "dependency": "androidx.concurrent:concurrent-futures-ktx:1.1.0"
  },
  {
    "project": "AndroidX Test Library",
    "description": "The AndroidX Test Library provides an extensive framework for testing Android apps",
    "version": "1.2.1",
    "developers": [
      "The Android Open Source Project"
    ],
    "url": "https://developer.android.com/testing",
    "year": "2015",
    "licenses": [
      {
        "license": "The Apache Software License, Version 2.0",
        "license_url": "http://www.apache.org/licenses/LICENSE-2.0.txt"
      }
    ],
    "dependency": "androidx.test.ext:junit-ktx:1.2.1"
  },
  {
    "project": "AndroidX Test Library",
    "description": "The AndroidX Test Library provides an extensive framework for testing Android apps",
    "version": "1.6.1",
    "developers": [
      "The Android Open Source Project"
    ],
    "url": "https://developer.android.com/testing",
    "year": "2015",
    "licenses": [
      {
        "license": "The Apache Software License, Version 2.0",
        "license_url": "http://www.apache.org/licenses/LICENSE-2.0.txt"
      }
    ],
    "dependency": "androidx.test:core-ktx:1.6.1"
  },
  {
    "project": "AndroidX Test Library",
    "description": "The AndroidX Test Library provides an extensive framework for testing Android apps",
    "version": "1.5.0",
    "developers": [
      "The Android Open Source Project"
    ],
    "url": "https://developer.android.com/testing",
    "year": "2015",
    "licenses": [
      {
        "license": "The Apache Software License, Version 2.0",
        "license_url": "http://www.apache.org/licenses/LICENSE-2.0.txt"
      }
    ],
    "dependency": "androidx.test.services:storage:1.5.0"
  },
  {
    "project": "AndroidX Test Library",
    "description": "The AndroidX Test Library provides an extensive framework for testing Android apps",
    "version": "1.2.1",
    "developers": [
      "The Android Open Source Project"
    ],
    "url": "https://developer.android.com/testing",
    "year": "2015",
    "licenses": [
      {
        "license": "The Apache Software License, Version 2.0",
        "license_url": "http://www.apache.org/licenses/LICENSE-2.0.txt"
      }
    ],
    "dependency": "androidx.test.ext:junit:1.2.1"
  },
  {
    "project": "AndroidX Test Library",
    "description": "The AndroidX Test Library provides an extensive framework for testing Android apps",
    "version": "1.7.1",
    "developers": [
      "The Android Open Source Project"
    ],
    "url": "https://developer.android.com/testing",
    "year": "2015",
    "licenses": [
      {
        "license": "The Apache Software License, Version 2.0",
        "license_url": "http://www.apache.org/licenses/LICENSE-2.0.txt"
      }
    ],
    "dependency": "androidx.test:monitor:1.7.1"
  },
  {
    "project": "AndroidX Test Library",
    "description": "The AndroidX Test Library provides an extensive framework for testing Android apps",
    "version": "1.6.1",
    "developers": [
      "The Android Open Source Project"
    ],
    "url": "https://developer.android.com/testing",
    "year": "2015",
    "licenses": [
      {
        "license": "The Apache Software License, Version 2.0",
        "license_url": "http://www.apache.org/licenses/LICENSE-2.0.txt"
      }
    ],
    "dependency": "androidx.test:core:1.6.1"
  },
  {
    "project": "AndroidX Widget ViewPager2",
    "description": "AndroidX Widget ViewPager2",
    "version": "1.0.0",
    "developers": [
      "The Android Open Source Project"
    ],
    "url": "https://developer.android.com/jetpack/androidx",
    "year": "2017",
    "licenses": [
      {
        "license": "The Apache Software License, Version 2.0",
        "license_url": "http://www.apache.org/licenses/LICENSE-2.0.txt"
      }
    ],
    "dependency": "androidx.viewpager2:viewpager2:1.0.0"
  },
  {
    "project": "androidx.customview:poolingcontainer",
    "description": "Utilities for listening to the lifecycle of containers that manage their child Views\u0027 lifecycle, such as RecyclerView",
    "version": "1.0.0",
    "developers": [
      "The Android Open Source Project"
    ],
    "url": "https://developer.android.com/jetpack/androidx/releases/customview#1.0.0",
    "year": "2021",
    "licenses": [
      {
        "license": "The Apache Software License, Version 2.0",
        "license_url": "http://www.apache.org/licenses/LICENSE-2.0.txt"
      }
    ],
    "dependency": "androidx.customview:customview-poolingcontainer:1.0.0"
  },
  {
    "project": "androidx.profileinstaller:profileinstaller",
    "description": "Allows libraries to prepopulate ahead of time compilation traces to be read by ART",
    "version": "1.3.1",
    "developers": [
      "The Android Open Source Project"
    ],
    "url": "https://developer.android.com/jetpack/androidx/releases/profileinstaller#1.3.1",
    "year": "2021",
    "licenses": [
      {
        "license": "The Apache Software License, Version 2.0",
        "license_url": "http://www.apache.org/licenses/LICENSE-2.0.txt"
      }
    ],
    "dependency": "androidx.profileinstaller:profileinstaller:1.3.1"
  },
  {
    "project": "Annotation",
    "description": "Provides source annotations for tooling and readability.",
    "version": "1.8.0",
    "developers": [
      "The Android Open Source Project"
    ],
    "url": "https://developer.android.com/jetpack/androidx/releases/annotation#1.8.0",
    "year": "2013",
    "licenses": [
      {
        "license": "The Apache Software License, Version 2.0",
        "license_url": "http://www.apache.org/licenses/LICENSE-2.0.txt"
      }
    ],
    "dependency": "androidx.annotation:annotation-jvm:1.8.0"
  },
  {
    "project": "AppCompat",
    "description": "Provides backwards-compatible implementations of UI-related Android SDK functionality, including dark mode and Material theming.",
    "version": "1.7.0",
    "developers": [
      "The Android Open Source Project"
    ],
    "url": "https://developer.android.com/jetpack/androidx/releases/appcompat#1.7.0",
    "year": "2011",
    "licenses": [
      {
        "license": "The Apache Software License, Version 2.0",
        "license_url": "http://www.apache.org/licenses/LICENSE-2.0.txt"
      }
    ],
    "dependency": "androidx.appcompat:appcompat:1.7.0"
  },
  {
    "project": "AppCompat Resources",
    "description": "Provides backward-compatible implementations of resource-related Android SDKfunctionality, including color state list theming.",
    "version": "1.7.0",
    "developers": [
      "The Android Open Source Project"
    ],
    "url": "https://developer.android.com/jetpack/androidx/releases/appcompat#1.7.0",
    "year": "2019",
    "licenses": [
      {
        "license": "The Apache Software License, Version 2.0",
        "license_url": "http://www.apache.org/licenses/LICENSE-2.0.txt"
      }
    ],
    "dependency": "androidx.appcompat:appcompat-resources:1.7.0"
  },
  {
    "project": "Checker Qual",
    "description": "checker-qual contains annotations (type qualifiers) that a programmer\nwrites to specify Java code for type-checking by the Checker Framework.",
    "version": "3.12.0",
    "developers": [
      "Michael Ernst",
      "Suzanne Millstein"
    ],
    "url": "https://checkerframework.org",
    "year": null,
    "licenses": [
      {
        "license": "The MIT License",
        "license_url": "http://opensource.org/licenses/MIT"
      }
    ],
    "dependency": "org.checkerframework:checker-qual:3.12.0"
  },
  {
    "project": "collections",
    "description": "Standalone efficient collections.",
    "version": "1.4.0",
    "developers": [
      "The Android Open Source Project"
    ],
    "url": "https://developer.android.com/jetpack/androidx/releases/collection#1.4.0",
    "year": "2018",
    "licenses": [
      {
        "license": "The Apache Software License, Version 2.0",
        "license_url": "http://www.apache.org/licenses/LICENSE-2.0.txt"
      }
    ],
    "dependency": "androidx.collection:collection-jvm:1.4.0"
  },
  {
    "project": "Collections Kotlin Extensions",
    "description": "Kotlin extensions for \u0027collection\u0027 artifact",
    "version": "1.4.0",
    "developers": [
      "The Android Open Source Project"
    ],
    "url": "https://developer.android.com/jetpack/androidx/releases/collection#1.4.0",
    "year": "2018",
    "licenses": [
      {
        "license": "The Apache Software License, Version 2.0",
        "license_url": "http://www.apache.org/licenses/LICENSE-2.0.txt"
      }
    ],
    "dependency": "androidx.collection:collection-ktx:1.4.0"
  },
  {
    "project": "Compose Animation",
    "description": "Compose animation library",
    "version": "1.6.8",
    "developers": [
      "The Android Open Source Project"
    ],
    "url": "https://developer.android.com/jetpack/androidx/releases/compose-animation#1.6.8",
    "year": "2019",
    "licenses": [
      {
        "license": "The Apache Software License, Version 2.0",
        "license_url": "http://www.apache.org/licenses/LICENSE-2.0.txt"
      }
    ],
    "dependency": "androidx.compose.animation:animation-android:1.6.8"
  },
  {
    "project": "Compose Animation Core",
    "description": "Animation engine and animation primitives that are the building blocks of the Compose animation library",
    "version": "1.6.8",
    "developers": [
      "The Android Open Source Project"
    ],
    "url": "https://developer.android.com/jetpack/androidx/releases/compose-animation#1.6.8",
    "year": "2019",
    "licenses": [
      {
        "license": "The Apache Software License, Version 2.0",
        "license_url": "http://www.apache.org/licenses/LICENSE-2.0.txt"
      }
    ],
    "dependency": "androidx.compose.animation:animation-core-android:1.6.8"
  },
  {
    "project": "Compose Foundation",
    "description": "Higher level abstractions of the Compose UI primitives. This library is design system agnostic, providing the high-level building blocks for both application and design-system developers",
    "version": "1.6.8",
    "developers": [
      "The Android Open Source Project"
    ],
    "url": "https://developer.android.com/jetpack/androidx/releases/compose-foundation#1.6.8",
    "year": "2018",
    "licenses": [
      {
        "license": "The Apache Software License, Version 2.0",
        "license_url": "http://www.apache.org/licenses/LICENSE-2.0.txt"
      }
    ],
    "dependency": "androidx.compose.foundation:foundation-android:1.6.8"
  },
  {
    "project": "Compose Geometry",
    "description": "Compose classes related to dimensions without units",
    "version": "1.6.8",
    "developers": [
      "The Android Open Source Project"
    ],
    "url": "https://developer.android.com/jetpack/androidx/releases/compose-ui#1.6.8",
    "year": "2020",
    "licenses": [
      {
        "license": "The Apache Software License, Version 2.0",
        "license_url": "http://www.apache.org/licenses/LICENSE-2.0.txt"
      }
    ],
    "dependency": "androidx.compose.ui:ui-geometry-android:1.6.8"
  },
  {
    "project": "Compose Graphics",
    "description": "Compose graphics",
    "version": "1.6.8",
    "developers": [
      "The Android Open Source Project"
    ],
    "url": "https://developer.android.com/jetpack/androidx/releases/compose-ui#1.6.8",
    "year": "2020",
    "licenses": [
      {
        "license": "The Apache Software License, Version 2.0",
        "license_url": "http://www.apache.org/licenses/LICENSE-2.0.txt"
      }
    ],
    "dependency": "androidx.compose.ui:ui-graphics-android:1.6.8"
  },
  {
    "project": "Compose Layouts",
    "description": "Compose layout implementations",
    "version": "1.6.8",
    "developers": [
      "The Android Open Source Project"
    ],
    "url": "https://developer.android.com/jetpack/androidx/releases/compose-foundation#1.6.8",
    "year": "2019",
    "licenses": [
      {
        "license": "The Apache Software License, Version 2.0",
        "license_url": "http://www.apache.org/licenses/LICENSE-2.0.txt"
      }
    ],
    "dependency": "androidx.compose.foundation:foundation-layout-android:1.6.8"
  },
  {
    "project": "Compose LiveData integration",
    "description": "Compose integration with LiveData",
    "version": "1.6.8",
    "developers": [
      "The Android Open Source Project"
    ],
    "url": "https://developer.android.com/jetpack/androidx/releases/compose-runtime#1.6.8",
    "year": "2020",
    "licenses": [
      {
        "license": "The Apache Software License, Version 2.0",
        "license_url": "http://www.apache.org/licenses/LICENSE-2.0.txt"
      }
    ],
    "dependency": "androidx.compose.runtime:runtime-livedata:1.6.8"
  },
  {
    "project": "Compose Material Components",
    "description": "Compose Material Design Components library",
    "version": "1.6.8",
    "developers": [
      "The Android Open Source Project"
    ],
    "url": "https://developer.android.com/jetpack/androidx/releases/compose-material#1.6.8",
    "year": "2018",
    "licenses": [
      {
        "license": "The Apache Software License, Version 2.0",
        "license_url": "http://www.apache.org/licenses/LICENSE-2.0.txt"
      }
    ],
    "dependency": "androidx.compose.material:material-android:1.6.8"
  },
  {
    "project": "Compose Material Icons Core",
    "description": "Compose Material Design core icons. This module contains the most commonly used set of Material icons.",
    "version": "1.6.8",
    "developers": [
      "The Android Open Source Project"
    ],
    "url": "https://developer.android.com/jetpack/androidx/releases/compose-material#1.6.8",
    "year": "2020",
    "licenses": [
      {
        "license": "The Apache Software License, Version 2.0",
        "license_url": "http://www.apache.org/licenses/LICENSE-2.0.txt"
      }
    ],
    "dependency": "androidx.compose.material:material-icons-core-android:1.6.8"
  },
  {
    "project": "Compose Material Ripple",
    "description": "Material ripple used to build interactive components",
    "version": "1.6.8",
    "developers": [
      "The Android Open Source Project"
    ],
    "url": "https://developer.android.com/jetpack/androidx/releases/compose-material#1.6.8",
    "year": "2020",
    "licenses": [
      {
        "license": "The Apache Software License, Version 2.0",
        "license_url": "http://www.apache.org/licenses/LICENSE-2.0.txt"
      }
    ],
    "dependency": "androidx.compose.material:material-ripple-android:1.6.8"
  },
  {
    "project": "Compose Material3 Components",
    "description": "Compose Material You Design Components library",
    "version": "1.2.1",
    "developers": [
      "The Android Open Source Project"
    ],
    "url": "https://developer.android.com/jetpack/androidx/releases/compose-material3#1.2.1",
    "year": "2021",
    "licenses": [
      {
        "license": "The Apache Software License, Version 2.0",
        "license_url": "http://www.apache.org/licenses/LICENSE-2.0.txt"
      }
    ],
    "dependency": "androidx.compose.material3:material3-android:1.2.1"
  },
  {
    "project": "Compose Navigation",
    "description": "Compose integration with Navigation",
    "version": "2.7.6",
    "developers": [
      "The Android Open Source Project"
    ],
    "url": "https://developer.android.com/jetpack/androidx/releases/navigation#2.7.6",
    "year": "2020",
    "licenses": [
      {
        "license": "The Apache Software License, Version 2.0",
        "license_url": "http://www.apache.org/licenses/LICENSE-2.0.txt"
      }
    ],
    "dependency": "androidx.navigation:navigation-compose:2.7.6"
  },
  {
    "project": "Compose Runtime",
    "description": "Tree composition support for code generated by the Compose compiler plugin and corresponding public API",
    "version": "1.6.8",
    "developers": [
      "The Android Open Source Project"
    ],
    "url": "https://developer.android.com/jetpack/androidx/releases/compose-runtime#1.6.8",
    "year": "2019",
    "licenses": [
      {
        "license": "The Apache Software License, Version 2.0",
        "license_url": "http://www.apache.org/licenses/LICENSE-2.0.txt"
      }
    ],
    "dependency": "androidx.compose.runtime:runtime-android:1.6.8"
  },
  {
    "project": "Compose Saveable",
    "description": "Compose components that allow saving and restoring the local ui state",
    "version": "1.6.8",
    "developers": [
      "The Android Open Source Project"
    ],
    "url": "https://developer.android.com/jetpack/androidx/releases/compose-runtime#1.6.8",
    "year": "2020",
    "licenses": [
      {
        "license": "The Apache Software License, Version 2.0",
        "license_url": "http://www.apache.org/licenses/LICENSE-2.0.txt"
      }
    ],
    "dependency": "androidx.compose.runtime:runtime-saveable-android:1.6.8"
  },
  {
    "project": "Compose Tooling",
    "description": "Compose tooling library. This library exposes information to our tools for better IDE support.",
    "version": "1.6.8",
    "developers": [
      "The Android Open Source Project"
    ],
    "url": "https://developer.android.com/jetpack/androidx/releases/compose-ui#1.6.8",
    "year": "2019",
    "licenses": [
      {
        "license": "The Apache Software License, Version 2.0",
        "license_url": "http://www.apache.org/licenses/LICENSE-2.0.txt"
      }
    ],
    "dependency": "androidx.compose.ui:ui-tooling-android:1.6.8"
  },
  {
    "project": "Compose Tooling Data",
    "description": "Compose tooling library data. This library provides data about compose for different tooling purposes.",
    "version": "1.6.8",
    "developers": [
      "The Android Open Source Project"
    ],
    "url": "https://developer.android.com/jetpack/androidx/releases/compose-ui#1.6.8",
    "year": "2021",
    "licenses": [
      {
        "license": "The Apache Software License, Version 2.0",
        "license_url": "http://www.apache.org/licenses/LICENSE-2.0.txt"
      }
    ],
    "dependency": "androidx.compose.ui:ui-tooling-data-android:1.6.8"
  },
  {
    "project": "Compose UI",
    "description": "Compose UI primitives. This library contains the primitives that form the Compose UI Toolkit, such as drawing, measurement and layout.",
    "version": "1.6.8",
    "developers": [
      "The Android Open Source Project"
    ],
    "url": "https://developer.android.com/jetpack/androidx/releases/compose-ui#1.6.8",
    "year": "2019",
    "licenses": [
      {
        "license": "The Apache Software License, Version 2.0",
        "license_url": "http://www.apache.org/licenses/LICENSE-2.0.txt"
      }
    ],
    "dependency": "androidx.compose.ui:ui-android:1.6.8"
  },
  {
    "project": "Compose UI Preview Tooling",
    "description": "Compose tooling library API. This library provides the API required to declare @Preview composables in user apps.",
    "version": "1.6.8",
    "developers": [
      "The Android Open Source Project"
    ],
    "url": "https://developer.android.com/jetpack/androidx/releases/compose-ui#1.6.8",
    "year": "2021",
    "licenses": [
      {
        "license": "The Apache Software License, Version 2.0",
        "license_url": "http://www.apache.org/licenses/LICENSE-2.0.txt"
      }
    ],
    "dependency": "androidx.compose.ui:ui-tooling-preview-android:1.6.8"
  },
  {
    "project": "Compose UI Text",
    "description": "Compose Text primitives and utilities",
    "version": "1.6.8",
    "developers": [
      "The Android Open Source Project"
    ],
    "url": "https://developer.android.com/jetpack/androidx/releases/compose-ui#1.6.8",
    "year": "2019",
    "licenses": [
      {
        "license": "The Apache Software License, Version 2.0",
        "license_url": "http://www.apache.org/licenses/LICENSE-2.0.txt"
      }
    ],
    "dependency": "androidx.compose.ui:ui-text-android:1.6.8"
  },
  {
    "project": "Compose Unit",
    "description": "Compose classes for simple units",
    "version": "1.6.8",
    "developers": [
      "The Android Open Source Project"
    ],
    "url": "https://developer.android.com/jetpack/androidx/releases/compose-ui#1.6.8",
    "year": "2020",
    "licenses": [
      {
        "license": "The Apache Software License, Version 2.0",
        "license_url": "http://www.apache.org/licenses/LICENSE-2.0.txt"
      }
    ],
    "dependency": "androidx.compose.ui:ui-unit-android:1.6.8"
  },
  {
    "project": "Compose Util",
    "description": "Internal Compose utilities used by other modules",
    "version": "1.6.8",
    "developers": [
      "The Android Open Source Project"
    ],
    "url": "https://developer.android.com/jetpack/androidx/releases/compose-ui#1.6.8",
    "year": "2020",
    "licenses": [
      {
        "license": "The Apache Software License, Version 2.0",
        "license_url": "http://www.apache.org/licenses/LICENSE-2.0.txt"
      }
    ],
    "dependency": "androidx.compose.ui:ui-util-android:1.6.8"
  },
  {
    "project": "Core",
    "description": "Provides backward-compatible implementations of Android platform APIs and features.",
    "version": "1.13.1",
    "developers": [
      "The Android Open Source Project"
    ],
    "url": "https://developer.android.com/jetpack/androidx/releases/core#1.13.1",
    "year": "2015",
    "licenses": [
      {
        "license": "The Apache Software License, Version 2.0",
        "license_url": "http://www.apache.org/licenses/LICENSE-2.0.txt"
      }
    ],
    "dependency": "androidx.core:core:1.13.1"
  },
  {
    "project": "Core Kotlin Extensions",
    "description": "Kotlin extensions for \u0027core\u0027 artifact",
    "version": "1.13.1",
    "developers": [
      "The Android Open Source Project"
    ],
    "url": "https://developer.android.com/jetpack/androidx/releases/core#1.13.1",
    "year": "2018",
    "licenses": [
      {
        "license": "The Apache Software License, Version 2.0",
        "license_url": "http://www.apache.org/licenses/LICENSE-2.0.txt"
      }
    ],
    "dependency": "androidx.core:core-ktx:1.13.1"
  },
  {
    "project": "DataStore",
    "description": "Android DataStore - contains the underlying store used by each serialization method along with components that require an Android dependency",
    "version": "1.1.1",
    "developers": [
      "The Android Open Source Project"
    ],
    "url": "https://developer.android.com/jetpack/androidx/releases/datastore#1.1.1",
    "year": "2020",
    "licenses": [
      {
        "license": "The Apache Software License, Version 2.0",
        "license_url": "http://www.apache.org/licenses/LICENSE-2.0.txt"
      }
    ],
    "dependency": "androidx.datastore:datastore-android:1.1.1"
  },
  {
    "project": "DataStore Core",
    "description": "Android DataStore Core - contains the underlying store used by each serialization method",
    "version": "1.1.1",
    "developers": [
      "The Android Open Source Project"
    ],
    "url": "https://developer.android.com/jetpack/androidx/releases/datastore#1.1.1",
    "year": "2020",
    "licenses": [
      {
        "license": "The Apache Software License, Version 2.0",
        "license_url": "http://www.apache.org/licenses/LICENSE-2.0.txt"
      }
    ],
    "dependency": "androidx.datastore:datastore-core-android:1.1.1"
  },
  {
    "project": "DataStore Core Okio",
    "description": "Android DataStore Core Okio- contains APIs to use datastore-core in multiplatform via okio",
    "version": "1.1.1",
    "developers": [
      "The Android Open Source Project"
    ],
    "url": "https://developer.android.com/jetpack/androidx/releases/datastore#1.1.1",
    "year": "2020",
    "licenses": [
      {
        "license": "The Apache Software License, Version 2.0",
        "license_url": "http://www.apache.org/licenses/LICENSE-2.0.txt"
      }
    ],
    "dependency": "androidx.datastore:datastore-core-okio-jvm:1.1.1"
  },
  {
    "project": "error-prone annotations",
    "description": null,
    "version": "2.7.1",
    "developers": [],
    "url": null,
    "year": null,
    "licenses": [
      {
        "license": "Apache 2.0",
        "license_url": "http://www.apache.org/licenses/LICENSE-2.0.txt"
      }
    ],
    "dependency": "com.google.errorprone:error_prone_annotations:2.7.1"
  },
  {
    "project": "Experimental annotation",
    "description": "Java annotation for use on unstable Android API surfaces. When used in conjunction with the Experimental annotation lint checks, this annotation provides functional parity with Kotlin\u0027s Experimental annotation.",
    "version": "1.4.0",
    "developers": [
      "The Android Open Source Project"
    ],
    "url": "https://developer.android.com/jetpack/androidx/releases/annotation#1.4.0",
    "year": "2019",
    "licenses": [
      {
        "license": "The Apache Software License, Version 2.0",
        "license_url": "http://www.apache.org/licenses/LICENSE-2.0.txt"
      }
    ],
    "dependency": "androidx.annotation:annotation-experimental:1.4.0"
  },
  {
    "project": "FindBugs-jsr305",
    "description": "JSR305 Annotations for Findbugs",
    "version": "3.0.2",
    "developers": [],
    "url": "http://findbugs.sourceforge.net/",
    "year": null,
    "licenses": [
      {
        "license": "The Apache Software License, Version 2.0",
        "license_url": "http://www.apache.org/licenses/LICENSE-2.0.txt"
      }
    ],
    "dependency": "com.google.code.findbugs:jsr305:3.0.2"
  },
  {
    "project": "Guava InternalFutureFailureAccess and InternalFutures",
    "description": "Contains\n    com.google.common.util.concurrent.internal.InternalFutureFailureAccess and\n    InternalFutures. Most users will never need to use this artifact. Its\n    classes is conceptually a part of Guava, but they\u0027re in this separate\n    artifact so that Android libraries can use them without pulling in all of\n    Guava (just as they can use ListenableFuture by depending on the\n    listenablefuture artifact).",
    "version": "1.0.1",
    "developers": [],
    "url": null,
    "year": null,
    "licenses": [
      {
        "license": "The Apache Software License, Version 2.0",
        "license_url": "http://www.apache.org/licenses/LICENSE-2.0.txt"
      }
    ],
    "dependency": "com.google.guava:failureaccess:1.0.1"
  },
  {
    "project": "Guava ListenableFuture only",
    "description": "An empty artifact that Guava depends on to signal that it is providing\n    ListenableFuture -- but is also available in a second \"version\" that\n    contains com.google.common.util.concurrent.ListenableFuture class, without\n    any other Guava classes. The idea is:\n\n    - If users want only ListenableFuture, they depend on listenablefuture-1.0.\n\n    - If users want all of Guava, they depend on guava, which, as of Guava\n    27.0, depends on\n    listenablefuture-9999.0-empty-to-avoid-conflict-with-guava. The 9999.0-...\n    version number is enough for some build systems (notably, Gradle) to select\n    that empty artifact over the \"real\" listenablefuture-1.0 -- avoiding a\n    conflict with the copy of ListenableFuture in guava itself. If users are\n    using an older version of Guava or a build system other than Gradle, they\n    may see class conflicts. If so, they can solve them by manually excluding\n    the listenablefuture artifact or manually forcing their build systems to\n    use 9999.0-....",
    "version": "9999.0-empty-to-avoid-conflict-with-guava",
    "developers": [],
    "url": null,
    "year": null,
    "licenses": [
      {
        "license": "The Apache Software License, Version 2.0",
        "license_url": "http://www.apache.org/licenses/LICENSE-2.0.txt"
      }
    ],
    "dependency": "com.google.guava:listenablefuture:9999.0-empty-to-avoid-conflict-with-guava"
  },
  {
    "project": "Guava: Google Core Libraries for Java",
    "description": "Guava is a suite of core and expanded libraries that include\n    utility classes, Google\u0027s collections, I/O classes, and\n    much more.",
    "version": "31.0.1-jre",
    "developers": [],
    "url": "https://github.com/google/guava",
    "year": null,
    "licenses": [
      {
        "license": "Apache License, Version 2.0",
        "license_url": "http://www.apache.org/licenses/LICENSE-2.0.txt"
      }
    ],
    "dependency": "com.google.guava:guava:31.0.1-jre"
  },
  {
    "project": "Hamcrest Core",
    "description": "This is the core API of hamcrest matcher framework to be used by third-party framework providers. This includes the a foundation set of matcher implementations for common operations.",
    "version": "1.3",
    "developers": [],
    "url": null,
    "year": null,
    "licenses": [
      {
        "license": "New BSD License",
        "license_url": "http://www.opensource.org/licenses/bsd-license.php"
      }
    ],
    "dependency": "org.hamcrest:hamcrest-core:1.3"
  },
  {
    "project": "Horologist Annotations library",
    "description": "Utilities for Wear OS",
    "version": "0.5.20",
    "developers": [
      "Google"
    ],
    "url": "https://github.com/google/horologist/",
    "year": null,
    "licenses": [
      {
        "license": "The Apache Software License, Version 2.0",
        "license_url": "http://www.apache.org/licenses/LICENSE-2.0.txt"
      }
    ],
    "dependency": "com.google.android.horologist:horologist-annotations:0.5.20"
  },
  {
    "project": "Horologist Compose Layout library",
    "description": "Utilities for Wear OS",
    "version": "0.5.20",
    "developers": [
      "Google"
    ],
    "url": "https://github.com/google/horologist/",
    "year": null,
    "licenses": [
      {
        "license": "The Apache Software License, Version 2.0",
        "license_url": "http://www.apache.org/licenses/LICENSE-2.0.txt"
      }
    ],
    "dependency": "com.google.android.horologist:horologist-compose-layout:0.5.20"
  },
  {
    "project": "J2ObjC Annotations",
    "description": "A set of annotations that provide additional information to the J2ObjC\n    translator to modify the result of translation.",
    "version": "1.3",
    "developers": [],
    "url": "https://github.com/google/j2objc/",
    "year": null,
    "licenses": [
      {
        "license": "The Apache Software License, Version 2.0",
        "license_url": "http://www.apache.org/licenses/LICENSE-2.0.txt"
      }
    ],
    "dependency": "com.google.j2objc:j2objc-annotations:1.3"
  },
  {
    "project": "JetBrains Java Annotations",
    "description": "A set of annotations used for code inspection support and code documentation.",
    "version": "23.0.0",
    "developers": [
      "JetBrains Team"
    ],
    "url": "https://github.com/JetBrains/java-annotations",
    "year": null,
    "licenses": [
      {
        "license": "The Apache Software License, Version 2.0",
        "license_url": "https://www.apache.org/licenses/LICENSE-2.0.txt"
      }
    ],
    "dependency": "org.jetbrains:annotations:23.0.0"
  },
  {
    "project": "JUnit",
    "description": "JUnit is a unit testing framework for Java, created by Erich Gamma and Kent Beck.",
    "version": "4.13.2",
    "developers": [
      "David Saff",
      "Kevin Cooney",
      "Stefan Birkner",
      "Marc Philipp"
    ],
    "url": "http://junit.org",
    "year": "2002",
    "licenses": [
      {
        "license": "Eclipse Public License 1.0",
        "license_url": "http://www.eclipse.org/legal/epl-v10.html"
      }
    ],
    "dependency": "junit:junit:4.13.2"
  },
  {
    "project": "Kotlin Android Extensions Runtime",
    "description": "Kotlin Android Extensions Runtime",
    "version": "1.9.22",
    "developers": [
      "Kotlin Team"
    ],
    "url": "https://kotlinlang.org/",
    "year": null,
    "licenses": [
      {
        "license": "The Apache License, Version 2.0",
        "license_url": "http://www.apache.org/licenses/LICENSE-2.0.txt"
      }
    ],
    "dependency": "org.jetbrains.kotlin:kotlin-android-extensions-runtime:1.9.22"
  },
  {
    "project": "Kotlin Stdlib",
    "description": "Kotlin Standard Library",
    "version": "1.9.22",
    "developers": [
      "Kotlin Team"
    ],
    "url": "https://kotlinlang.org/",
    "year": null,
    "licenses": [
      {
        "license": "The Apache License, Version 2.0",
        "license_url": "http://www.apache.org/licenses/LICENSE-2.0.txt"
      }
    ],
    "dependency": "org.jetbrains.kotlin:kotlin-stdlib:1.9.22"
  },
  {
    "project": "Kotlin Stdlib Jdk7",
    "description": "Kotlin Standard Library JDK 7 extension",
    "version": "1.8.22",
    "developers": [
      "Kotlin Team"
    ],
    "url": "https://kotlinlang.org/",
    "year": null,
    "licenses": [
      {
        "license": "The Apache License, Version 2.0",
        "license_url": "http://www.apache.org/licenses/LICENSE-2.0.txt"
      }
    ],
    "dependency": "org.jetbrains.kotlin:kotlin-stdlib-jdk7:1.8.22"
  },
  {
    "project": "Kotlin Stdlib Jdk8",
    "description": "Kotlin Standard Library JDK 8 extension",
    "version": "1.8.22",
    "developers": [
      "Kotlin Team"
    ],
    "url": "https://kotlinlang.org/",
    "year": null,
    "licenses": [
      {
        "license": "The Apache License, Version 2.0",
        "license_url": "http://www.apache.org/licenses/LICENSE-2.0.txt"
      }
    ],
    "dependency": "org.jetbrains.kotlin:kotlin-stdlib-jdk8:1.8.22"
  },
  {
    "project": "kotlinx-coroutines-android",
    "description": "Coroutines support libraries for Kotlin",
    "version": "1.7.3",
    "developers": [
      "JetBrains Team"
    ],
    "url": "https://github.com/Kotlin/kotlinx.coroutines",
    "year": null,
    "licenses": [
      {
        "license": "The Apache Software License, Version 2.0",
        "license_url": "https://www.apache.org/licenses/LICENSE-2.0.txt"
      }
    ],
    "dependency": "org.jetbrains.kotlinx:kotlinx-coroutines-android:1.7.3"
  },
  {
    "project": "kotlinx-coroutines-core",
    "description": "Coroutines support libraries for Kotlin",
    "version": "1.7.3",
    "developers": [
      "JetBrains Team"
    ],
    "url": "https://github.com/Kotlin/kotlinx.coroutines",
    "year": null,
    "licenses": [
      {
        "license": "The Apache Software License, Version 2.0",
        "license_url": "https://www.apache.org/licenses/LICENSE-2.0.txt"
      }
    ],
    "dependency": "org.jetbrains.kotlinx:kotlinx-coroutines-core-jvm:1.7.3"
  },
  {
    "project": "kotlinx-coroutines-guava",
    "description": "Coroutines support libraries for Kotlin",
    "version": "1.7.3",
    "developers": [
      "JetBrains Team"
    ],
    "url": "https://github.com/Kotlin/kotlinx.coroutines",
    "year": null,
    "licenses": [
      {
        "license": "The Apache Software License, Version 2.0",
        "license_url": "https://www.apache.org/licenses/LICENSE-2.0.txt"
      }
    ],
    "dependency": "org.jetbrains.kotlinx:kotlinx-coroutines-guava:1.7.3"
  },
  {
    "project": "kotlinx-coroutines-play-services",
    "description": "Coroutines support libraries for Kotlin",
    "version": "1.7.3",
    "developers": [
      "JetBrains Team"
    ],
    "url": "https://github.com/Kotlin/kotlinx.coroutines",
    "year": null,
    "licenses": [
      {
        "license": "The Apache Software License, Version 2.0",
        "license_url": "https://www.apache.org/licenses/LICENSE-2.0.txt"
      }
    ],
    "dependency": "org.jetbrains.kotlinx:kotlinx-coroutines-play-services:1.7.3"
  },
  {
    "project": "Lifecycle Kotlin Extensions",
    "description": "Kotlin extensions for \u0027lifecycle\u0027 artifact",
    "version": "2.8.3",
    "developers": [
      "The Android Open Source Project"
    ],
    "url": "https://developer.android.com/jetpack/androidx/releases/lifecycle#2.8.3",
    "year": "2019",
    "licenses": [
      {
        "license": "The Apache Software License, Version 2.0",
        "license_url": "http://www.apache.org/licenses/LICENSE-2.0.txt"
      }
    ],
    "dependency": "androidx.lifecycle:lifecycle-runtime-ktx-android:2.8.3"
  },
  {
    "project": "Lifecycle LiveData",
    "description": "Android Lifecycle LiveData",
    "version": "2.8.3",
    "developers": [
      "The Android Open Source Project"
    ],
    "url": "https://developer.android.com/jetpack/androidx/releases/lifecycle#2.8.3",
    "year": "2017",
    "licenses": [
      {
        "license": "The Apache Software License, Version 2.0",
        "license_url": "http://www.apache.org/licenses/LICENSE-2.0.txt"
      }
    ],
    "dependency": "androidx.lifecycle:lifecycle-livedata:2.8.3"
  },
  {
    "project": "Lifecycle LiveData Core",
    "description": "Android Lifecycle LiveData Core",
    "version": "2.8.3",
    "developers": [
      "The Android Open Source Project"
    ],
    "url": "https://developer.android.com/jetpack/androidx/releases/lifecycle#2.8.3",
    "year": "2017",
    "licenses": [
      {
        "license": "The Apache Software License, Version 2.0",
        "license_url": "http://www.apache.org/licenses/LICENSE-2.0.txt"
      }
    ],
    "dependency": "androidx.lifecycle:lifecycle-livedata-core:2.8.3"
  },
  {
    "project": "Lifecycle Process",
    "description": "Android Lifecycle Process",
    "version": "2.8.3",
    "developers": [
      "The Android Open Source Project"
    ],
    "url": "https://developer.android.com/jetpack/androidx/releases/lifecycle#2.8.3",
    "year": "2018",
    "licenses": [
      {
        "license": "The Apache Software License, Version 2.0",
        "license_url": "http://www.apache.org/licenses/LICENSE-2.0.txt"
      }
    ],
    "dependency": "androidx.lifecycle:lifecycle-process:2.8.3"
  },
  {
    "project": "Lifecycle Runtime",
    "description": "Android Lifecycle Runtime",
    "version": "2.8.3",
    "developers": [
      "The Android Open Source Project"
    ],
    "url": "https://developer.android.com/jetpack/androidx/releases/lifecycle#2.8.3",
    "year": "2017",
    "licenses": [
      {
        "license": "The Apache Software License, Version 2.0",
        "license_url": "http://www.apache.org/licenses/LICENSE-2.0.txt"
      }
    ],
    "dependency": "androidx.lifecycle:lifecycle-runtime:2.8.3"
  },
  {
    "project": "Lifecycle Runtime",
    "description": "Android Lifecycle Runtime",
    "version": "2.8.3",
    "developers": [
      "The Android Open Source Project"
    ],
    "url": "https://developer.android.com/jetpack/androidx/releases/lifecycle#2.8.3",
    "year": "2017",
    "licenses": [
      {
        "license": "The Apache Software License, Version 2.0",
        "license_url": "http://www.apache.org/licenses/LICENSE-2.0.txt"
      }
    ],
    "dependency": "androidx.lifecycle:lifecycle-runtime-android:2.8.3"
  },
  {
    "project": "Lifecycle Runtime Compose",
    "description": "Compose integration with Lifecycle",
    "version": "2.8.3",
    "developers": [
      "The Android Open Source Project"
    ],
    "url": "https://developer.android.com/jetpack/androidx/releases/lifecycle#2.8.3",
    "year": "2021",
    "licenses": [
      {
        "license": "The Apache Software License, Version 2.0",
        "license_url": "http://www.apache.org/licenses/LICENSE-2.0.txt"
      }
    ],
    "dependency": "androidx.lifecycle:lifecycle-runtime-compose-android:2.8.3"
  },
  {
    "project": "Lifecycle Service",
    "description": "Android Lifecycle Service",
    "version": "2.8.3",
    "developers": [
      "The Android Open Source Project"
    ],
    "url": "https://developer.android.com/jetpack/androidx/releases/lifecycle#2.8.3",
    "year": "2018",
    "licenses": [
      {
        "license": "The Apache Software License, Version 2.0",
        "license_url": "http://www.apache.org/licenses/LICENSE-2.0.txt"
      }
    ],
    "dependency": "androidx.lifecycle:lifecycle-service:2.8.3"
  },
  {
    "project": "Lifecycle ViewModel",
    "description": "Android Lifecycle ViewModel",
    "version": "2.8.3",
    "developers": [
      "The Android Open Source Project"
    ],
    "url": "https://developer.android.com/jetpack/androidx/releases/lifecycle#2.8.3",
    "year": "2017",
    "licenses": [
      {
        "license": "The Apache Software License, Version 2.0",
        "license_url": "http://www.apache.org/licenses/LICENSE-2.0.txt"
      }
    ],
    "dependency": "androidx.lifecycle:lifecycle-viewmodel-android:2.8.3"
  },
  {
    "project": "Lifecycle ViewModel",
    "description": "Android Lifecycle ViewModel",
    "version": "2.8.3",
    "developers": [
      "The Android Open Source Project"
    ],
    "url": "https://developer.android.com/jetpack/androidx/releases/lifecycle#2.8.3",
    "year": "2017",
    "licenses": [
      {
        "license": "The Apache Software License, Version 2.0",
        "license_url": "http://www.apache.org/licenses/LICENSE-2.0.txt"
      }
    ],
    "dependency": "androidx.lifecycle:lifecycle-viewmodel:2.8.3"
  },
  {
    "project": "Lifecycle ViewModel Compose",
    "description": "Compose integration with Lifecycle ViewModel",
    "version": "2.8.3",
    "developers": [
      "The Android Open Source Project"
    ],
    "url": "https://developer.android.com/jetpack/androidx/releases/lifecycle#2.8.3",
    "year": "2021",
    "licenses": [
      {
        "license": "The Apache Software License, Version 2.0",
        "license_url": "http://www.apache.org/licenses/LICENSE-2.0.txt"
      }
    ],
    "dependency": "androidx.lifecycle:lifecycle-viewmodel-compose-android:2.8.3"
  },
  {
    "project": "Lifecycle ViewModel Kotlin Extensions",
    "description": "Kotlin extensions for \u0027viewmodel\u0027 artifact",
    "version": "2.8.3",
    "developers": [
      "The Android Open Source Project"
    ],
    "url": "https://developer.android.com/jetpack/androidx/releases/lifecycle#2.8.3",
    "year": "2018",
    "licenses": [
      {
        "license": "The Apache Software License, Version 2.0",
        "license_url": "http://www.apache.org/licenses/LICENSE-2.0.txt"
      }
    ],
    "dependency": "androidx.lifecycle:lifecycle-viewmodel-ktx:2.8.3"
  },
  {
    "project": "Lifecycle ViewModel with SavedState",
    "description": "Android Lifecycle ViewModel",
    "version": "2.8.3",
    "developers": [
      "The Android Open Source Project"
    ],
    "url": "https://developer.android.com/jetpack/androidx/releases/lifecycle#2.8.3",
    "year": "2018",
    "licenses": [
      {
        "license": "The Apache Software License, Version 2.0",
        "license_url": "http://www.apache.org/licenses/LICENSE-2.0.txt"
      }
    ],
    "dependency": "androidx.lifecycle:lifecycle-viewmodel-savedstate:2.8.3"
  },
  {
    "project": "Lifecycle-Common",
    "description": "Android Lifecycle-Common",
    "version": "2.8.3",
    "developers": [
      "The Android Open Source Project"
    ],
    "url": "https://developer.android.com/jetpack/androidx/releases/lifecycle#2.8.3",
    "year": "2017",
    "licenses": [
      {
        "license": "The Apache Software License, Version 2.0",
        "license_url": "http://www.apache.org/licenses/LICENSE-2.0.txt"
      }
    ],
    "dependency": "androidx.lifecycle:lifecycle-common-jvm:2.8.3"
  },
  {
    "project": "Lifecycle-Common for Java 8",
    "description": "Android Lifecycle-Common for Java 8 Language",
    "version": "2.8.3",
    "developers": [
      "The Android Open Source Project"
    ],
    "url": "https://developer.android.com/jetpack/androidx/releases/lifecycle#2.8.3",
    "year": "2017",
    "licenses": [
      {
        "license": "The Apache Software License, Version 2.0",
        "license_url": "http://www.apache.org/licenses/LICENSE-2.0.txt"
      }
    ],
    "dependency": "androidx.lifecycle:lifecycle-common-java8:2.8.3"
  },
  {
    "project": "LiveData Core Kotlin Extensions",
    "description": "Kotlin extensions for \u0027livedata-core\u0027 artifact",
    "version": "2.8.3",
    "developers": [
      "The Android Open Source Project"
    ],
    "url": "https://developer.android.com/jetpack/androidx/releases/lifecycle#2.8.3",
    "year": "2018",
    "licenses": [
      {
        "license": "The Apache Software License, Version 2.0",
        "license_url": "http://www.apache.org/licenses/LICENSE-2.0.txt"
      }
    ],
    "dependency": "androidx.lifecycle:lifecycle-livedata-core-ktx:2.8.3"
  },
  {
    "project": "LiveData Kotlin Extensions",
    "description": "Kotlin extensions for \u0027livedata\u0027 artifact",
    "version": "2.8.3",
    "developers": [
      "The Android Open Source Project"
    ],
    "url": "https://developer.android.com/jetpack/androidx/releases/lifecycle#2.8.3",
    "year": "2018",
    "licenses": [
      {
        "license": "The Apache Software License, Version 2.0",
        "license_url": "http://www.apache.org/licenses/LICENSE-2.0.txt"
      }
    ],
    "dependency": "androidx.lifecycle:lifecycle-livedata-ktx:2.8.3"
  },
  {
    "project": "Material Components for Android",
    "description": "Material Components for Android is a static library that you can add to your Android application in order to use APIs that provide implementations of the Material Design specification. Compatible on devices running API 14 or later.",
    "version": "1.4.0-beta01",
    "developers": [
      "The Android Open Source Project"
    ],
    "url": "https://github.com/material-components/material-components-android",
    "year": "2015",
    "licenses": [
      {
        "license": "The Apache Software License, Version 2.0",
        "license_url": "http://www.apache.org/licenses/LICENSE-2.0.txt"
      }
    ],
    "dependency": "com.google.android.material:material:1.4.0-beta01"
  },
  {
    "project": "napier",
    "description": "Kotlin Multiplatform libraries that show logs in common module.",
    "version": "1.4.1",
    "developers": [
      "aakira"
    ],
    "url": "https://github.com/aakira/Napier",
    "year": null,
    "licenses": [
      {
        "license": "The Apache Software License, Version 2.0",
        "license_url": "http://www.apache.org/licenses/LICENSE-2.0.txt"
      }
    ],
    "dependency": "io.github.aakira:napier-android:1.4.1"
  },
  {
    "project": "Navigation Common",
    "description": "Android Navigation-Common",
    "version": "2.7.6",
    "developers": [
      "The Android Open Source Project"
    ],
    "url": "https://developer.android.com/jetpack/androidx/releases/navigation#2.7.6",
    "year": "2017",
    "licenses": [
      {
        "license": "The Apache Software License, Version 2.0",
        "license_url": "http://www.apache.org/licenses/LICENSE-2.0.txt"
      }
    ],
    "dependency": "androidx.navigation:navigation-common:2.7.6"
  },
  {
    "project": "Navigation Common Kotlin Extensions",
    "description": "Android Navigation-Common-Ktx",
    "version": "2.7.6",
    "developers": [
      "The Android Open Source Project"
    ],
    "url": "https://developer.android.com/jetpack/androidx/releases/navigation#2.7.6",
    "year": "2018",
    "licenses": [
      {
        "license": "The Apache Software License, Version 2.0",
        "license_url": "http://www.apache.org/licenses/LICENSE-2.0.txt"
      }
    ],
    "dependency": "androidx.navigation:navigation-common-ktx:2.7.6"
  },
  {
    "project": "Navigation Runtime",
    "description": "Android Navigation-Runtime",
    "version": "2.7.6",
    "developers": [
      "The Android Open Source Project"
    ],
    "url": "https://developer.android.com/jetpack/androidx/releases/navigation#2.7.6",
    "year": "2017",
    "licenses": [
      {
        "license": "The Apache Software License, Version 2.0",
        "license_url": "http://www.apache.org/licenses/LICENSE-2.0.txt"
      }
    ],
    "dependency": "androidx.navigation:navigation-runtime:2.7.6"
  },
  {
    "project": "Navigation Runtime Kotlin Extensions",
    "description": "Android Navigation-Runtime-Ktx",
    "version": "2.7.6",
    "developers": [
      "The Android Open Source Project"
    ],
    "url": "https://developer.android.com/jetpack/androidx/releases/navigation#2.7.6",
    "year": "2018",
    "licenses": [
      {
        "license": "The Apache Software License, Version 2.0",
        "license_url": "http://www.apache.org/licenses/LICENSE-2.0.txt"
      }
    ],
    "dependency": "androidx.navigation:navigation-runtime-ktx:2.7.6"
  },
  {
    "project": "Navigation UI",
    "description": "Android Navigation-UI",
    "version": "2.7.6",
    "developers": [
      "The Android Open Source Project"
    ],
    "url": "https://developer.android.com/jetpack/androidx/releases/navigation#2.7.6",
    "year": "2018",
    "licenses": [
      {
        "license": "The Apache Software License, Version 2.0",
        "license_url": "http://www.apache.org/licenses/LICENSE-2.0.txt"
      }
    ],
    "dependency": "androidx.navigation:navigation-ui:2.7.6"
  },
  {
    "project": "Navigation UI Kotlin Extensions",
    "description": "Android Navigation-UI-Ktx",
    "version": "2.7.6",
    "developers": [
      "The Android Open Source Project"
    ],
    "url": "https://developer.android.com/jetpack/androidx/releases/navigation#2.7.6",
    "year": "2018",
    "licenses": [
      {
        "license": "The Apache Software License, Version 2.0",
        "license_url": "http://www.apache.org/licenses/LICENSE-2.0.txt"
      }
    ],
    "dependency": "androidx.navigation:navigation-ui-ktx:2.7.6"
  },
  {
    "project": "okio",
    "description": "A modern I/O library for Android, Java, and Kotlin Multiplatform.",
    "version": "3.4.0",
    "developers": [
      "Square, Inc."
    ],
    "url": "https://github.com/square/okio/",
    "year": null,
    "licenses": [
      {
        "license": "The Apache Software License, Version 2.0",
        "license_url": "http://www.apache.org/licenses/LICENSE-2.0.txt"
      }
    ],
    "dependency": "com.squareup.okio:okio-jvm:3.4.0"
  },
  {
    "project": "Paging-Common",
    "description": "Android Paging-Common",
    "version": "3.2.1",
    "developers": [
      "The Android Open Source Project"
    ],
    "url": "https://developer.android.com/jetpack/androidx/releases/paging#3.2.1",
    "year": "2017",
    "licenses": [
      {
        "license": "The Apache Software License, Version 2.0",
        "license_url": "http://www.apache.org/licenses/LICENSE-2.0.txt"
      }
    ],
    "dependency": "androidx.paging:paging-common:3.2.1"
  },
  {
    "project": "Paging-Compose",
    "description": "Compose integration with Paging",
    "version": "3.2.1",
    "developers": [
      "The Android Open Source Project"
    ],
    "url": "https://developer.android.com/jetpack/androidx/releases/paging#3.2.1",
    "year": "2020",
    "licenses": [
      {
        "license": "The Apache Software License, Version 2.0",
        "license_url": "http://www.apache.org/licenses/LICENSE-2.0.txt"
      }
    ],
    "dependency": "androidx.paging:paging-compose:3.2.1"
  },
  {
    "project": "Parcelize Runtime",
    "description": "Runtime library for the Parcelize compiler plugin",
    "version": "1.9.22",
    "developers": [
      "Kotlin Team"
    ],
    "url": "https://kotlinlang.org/",
    "year": null,
    "licenses": [
      {
        "license": "The Apache License, Version 2.0",
        "license_url": "http://www.apache.org/licenses/LICENSE-2.0.txt"
      }
    ],
    "dependency": "org.jetbrains.kotlin:kotlin-parcelize-runtime:1.9.22"
  },
  {
    "project": "play-services-base",
    "description": null,
    "version": "18.5.0",
    "developers": [],
    "url": null,
    "year": null,
    "licenses": [
      {
        "license": "Android Software Development Kit License",
        "license_url": "https://developer.android.com/studio/terms.html"
      }
    ],
    "dependency": "com.google.android.gms:play-services-base:18.5.0"
  },
  {
    "project": "play-services-basement",
    "description": null,
    "version": "18.4.0",
    "developers": [],
    "url": null,
    "year": null,
    "licenses": [
      {
        "license": "Android Software Development Kit License",
        "license_url": "https://developer.android.com/studio/terms.html"
      }
    ],
    "dependency": "com.google.android.gms:play-services-basement:18.4.0"
  },
  {
    "project": "play-services-tasks",
    "description": null,
    "version": "18.2.0",
    "developers": [],
    "url": null,
    "year": null,
    "licenses": [
      {
        "license": "Android Software Development Kit License",
        "license_url": "https://developer.android.com/studio/terms.html"
      }
    ],
    "dependency": "com.google.android.gms:play-services-tasks:18.2.0"
  },
  {
    "project": "play-services-wearable",
    "description": null,
    "version": "18.2.0",
    "developers": [],
    "url": null,
    "year": null,
    "licenses": [
      {
        "license": "Android Software Development Kit License",
        "license_url": "https://developer.android.com/studio/terms.html"
      }
    ],
    "dependency": "com.google.android.gms:play-services-wearable:18.2.0"
  },
  {
    "project": "Preferences DataStore",
    "description": "Android Preferences DataStore",
    "version": "1.1.1",
    "developers": [
      "The Android Open Source Project"
    ],
    "url": "https://developer.android.com/jetpack/androidx/releases/datastore#1.1.1",
    "year": "2020",
    "licenses": [
      {
        "license": "The Apache Software License, Version 2.0",
        "license_url": "http://www.apache.org/licenses/LICENSE-2.0.txt"
      }
    ],
    "dependency": "androidx.datastore:datastore-preferences-android:1.1.1"
  },
  {
    "project": "Preferences DataStore Core",
    "description": "Android Preferences DataStore without the Android Dependencies",
    "version": "1.1.1",
    "developers": [
      "The Android Open Source Project"
    ],
    "url": "https://developer.android.com/jetpack/androidx/releases/datastore#1.1.1",
    "year": "2020",
    "licenses": [
      {
        "license": "The Apache Software License, Version 2.0",
        "license_url": "http://www.apache.org/licenses/LICENSE-2.0.txt"
      }
    ],
    "dependency": "androidx.datastore:datastore-preferences-core-jvm:1.1.1"
  },
  {
    "project": "Room Kotlin Extensions",
    "description": "Android Room Kotlin Extensions",
    "version": "2.6.1",
    "developers": [
      "The Android Open Source Project"
    ],
    "url": "https://developer.android.com/jetpack/androidx/releases/room#2.6.1",
    "year": "2019",
    "licenses": [
      {
        "license": "The Apache Software License, Version 2.0",
        "license_url": "http://www.apache.org/licenses/LICENSE-2.0.txt"
      }
    ],
    "dependency": "androidx.room:room-ktx:2.6.1"
  },
  {
    "project": "Room-Common",
    "description": "Android Room-Common",
    "version": "2.6.1",
    "developers": [
      "The Android Open Source Project"
    ],
    "url": "https://developer.android.com/jetpack/androidx/releases/room#2.6.1",
    "year": "2017",
    "licenses": [
      {
        "license": "The Apache Software License, Version 2.0",
        "license_url": "http://www.apache.org/licenses/LICENSE-2.0.txt"
      }
    ],
    "dependency": "androidx.room:room-common:2.6.1"
  },
  {
    "project": "Room-Runtime",
    "description": "Android Room-Runtime",
    "version": "2.6.1",
    "developers": [
      "The Android Open Source Project"
    ],
    "url": "https://developer.android.com/jetpack/androidx/releases/room#2.6.1",
    "year": "2017",
    "licenses": [
      {
        "license": "The Apache Software License, Version 2.0",
        "license_url": "http://www.apache.org/licenses/LICENSE-2.0.txt"
      }
    ],
    "dependency": "androidx.room:room-runtime:2.6.1"
  },
  {
    "project": "Saved State",
    "description": "Android Lifecycle Saved State",
    "version": "1.2.1",
    "developers": [
      "The Android Open Source Project"
    ],
    "url": "https://developer.android.com/jetpack/androidx/releases/savedstate#1.2.1",
    "year": "2018",
    "licenses": [
      {
        "license": "The Apache Software License, Version 2.0",
        "license_url": "http://www.apache.org/licenses/LICENSE-2.0.txt"
      }
    ],
    "dependency": "androidx.savedstate:savedstate:1.2.1"
  },
  {
    "project": "SavedState Kotlin Extensions",
    "description": "Kotlin extensions for \u0027savedstate\u0027 artifact",
    "version": "1.2.1",
    "developers": [
      "The Android Open Source Project"
    ],
    "url": "https://developer.android.com/jetpack/androidx/releases/savedstate#1.2.1",
    "year": "2020",
    "licenses": [
      {
        "license": "The Apache Software License, Version 2.0",
        "license_url": "http://www.apache.org/licenses/LICENSE-2.0.txt"
      }
    ],
    "dependency": "androidx.savedstate:savedstate-ktx:1.2.1"
  },
  {
    "project": "Snapper for Jetpack Compose",
    "description": "Snapper for Jetpack Compose",
    "version": "0.2.2",
    "developers": [
      "Chris Banes"
    ],
    "url": "https://github.com/chrisbanes/snapper/",
    "year": null,
    "licenses": [
      {
        "license": "The Apache Software License, Version 2.0",
        "license_url": "http://www.apache.org/licenses/LICENSE-2.0.txt"
      }
    ],
    "dependency": "dev.chrisbanes.snapper:snapper:0.2.2"
  },
  {
    "project": "SQLite",
    "description": "Android DB",
    "version": "2.4.0",
    "developers": [
      "The Android Open Source Project"
    ],
    "url": "https://developer.android.com/jetpack/androidx/releases/sqlite#2.4.0",
    "year": "2017",
    "licenses": [
      {
        "license": "The Apache Software License, Version 2.0",
        "license_url": "http://www.apache.org/licenses/LICENSE-2.0.txt"
      }
    ],
    "dependency": "androidx.sqlite:sqlite:2.4.0"
  },
  {
    "project": "SQLite Framework Integration",
    "description": "The implementation of Support SQLite library using the framework code.",
    "version": "2.4.0",
    "developers": [
      "The Android Open Source Project"
    ],
    "url": "https://developer.android.com/jetpack/androidx/releases/sqlite#2.4.0",
    "year": "2017",
    "licenses": [
      {
        "license": "The Apache Software License, Version 2.0",
        "license_url": "http://www.apache.org/licenses/LICENSE-2.0.txt"
      }
    ],
    "dependency": "androidx.sqlite:sqlite-framework:2.4.0"
  },
  {
    "project": "VersionedParcelable",
    "description": "Provides a stable but relatively compact binary serialization format that can be passed across processes or persisted safely.",
    "version": "1.1.1",
    "developers": [
      "The Android Open Source Project"
    ],
    "url": "http://developer.android.com/tools/extras/support-library.html",
    "year": "2018",
    "licenses": [
      {
        "license": "The Apache Software License, Version 2.0",
        "license_url": "http://www.apache.org/licenses/LICENSE-2.0.txt"
      }
    ],
    "dependency": "androidx.versionedparcelable:versionedparcelable:1.1.1"
  },
  {
    "project": "WorkManager Kotlin Extensions",
    "description": "Android WorkManager Kotlin Extensions",
    "version": "2.9.0",
    "developers": [
      "The Android Open Source Project"
    ],
    "url": "https://developer.android.com/jetpack/androidx/releases/work#2.9.0",
    "year": "2018",
    "licenses": [
      {
        "license": "The Apache Software License, Version 2.0",
        "license_url": "http://www.apache.org/licenses/LICENSE-2.0.txt"
      }
    ],
    "dependency": "androidx.work:work-runtime-ktx:2.9.0"
  },
  {
    "project": "WorkManager Runtime",
    "description": "Android WorkManager runtime library",
    "version": "2.9.0",
    "developers": [
      "The Android Open Source Project"
    ],
    "url": "https://developer.android.com/jetpack/androidx/releases/work#2.9.0",
    "year": "2018",
    "licenses": [
      {
        "license": "The Apache Software License, Version 2.0",
        "license_url": "http://www.apache.org/licenses/LICENSE-2.0.txt"
      }
    ],
    "dependency": "androidx.work:work-runtime:2.9.0"
  }
]